CSV Writer Object,"[['Prompt', 'Response']]"
CSV Writer Object,"[['Prompt', 'Response']]"
CSV Writer Object,"[['Prompt', 'Response']]"
CSV Writer Object,"[['Prompt', 'Response']]"
CSV Writer Object,"[['Prompt', 'Response']]"
CSV Writer Object,"[['Prompt', 'Response'], ['tell me about google', ""Okay, here's a concise financial analysis and investment recommendation for Goosehead Insurance, Inc. (GSHD), based on the data provided:\n\n**Summary Overview:**\n\nGoosehead Insurance (GSHD) operates as an insurance broker through corporate and franchise locations. The company has shown strong revenue growth, however, it is facing high valuation metrics.\n\n**Financial Strength Metrics:**\n\n*   **Revenue Growth:** 49.5% revenue growth indicates good business momentum.\n*   **Profit Margins:** 9.7% profit margin.\n*   **Operating Cash Flow:** Healthy at $71.5 million.\n*   **Debt-to-Equity:** Very high at 392.53, indicating a significant reliance on debt financing.\n*   **Quick Ratio & Current Ratio:** Both above 2, suggesting good liquidity.\n\n**Valuation Assessment:**\n\n*   **Trailing P/E:** High at 99.61.\n*   **Forward P/E:** Still elevated at 54.71.\n*   **Price-to-Sales:** Very high at 13.86.\n*   **Price-to-Book:** Extremely high at 65.51.\n\n**Growth Potential:**\n\n*   **Earnings Growth:** Positive earnings growth of 2.9%.\n*   **Analyst Target:** Analysts have a mean target price of $118.5, suggesting a modest upside.\n\n**Key Risks:**\n\n*   **High Valuation:**  The stock appears overvalued based on multiple metrics. A correction could significantly impact share price.\n*   **Debt Burden:** High debt could constrain future growth and make the company vulnerable to interest rate hikes.\n*   **Competition:** The insurance brokerage industry is competitive, requiring GSHD to maintain a strong competitive edge.\n*   **Short Interest:**  A substantial portion of the float is shorted (13.91%), which can lead to volatility.\n\n**Recommendation:**\n\n**Hold**\n\n**Confidence Level:** Medium. The company's strong growth is attractive, but the high valuation and debt levels warrant caution.""]]"
CSV Writer Object,"[['Prompt', 'Response'], ['Tell me about google', ""## Goosehead Insurance (GSHD) Stock Analysis\n\n**Summary Overview:**\n\nGoosehead Insurance (GSHD) is an insurance broker operating primarily through franchise and corporate locations.  It has demonstrated significant revenue growth in the past but has a concerning debt to equity ratio, and the valuation appears stretched relative to industry benchmarks. The company is trading near its 52-week high.\n\n**Financial Strength Metrics:**\n\n*   **Revenue:** \\$313.57M (Significant growth)\n*   **Gross Profit:** \\$140.63M\n*   **Operating Cash Flow:** \\$71.54M\n*   **Free Cash Flow:** \\$45.56M\n*   **Total Debt:** \\$153.38M\n*   **Total Cash:** \\$54.28M\n*   **Debt-to-Equity Ratio:** 392.53% (High)\n*   **Current Ratio:** 2.337\n*   **Quick Ratio:** 2.082\n\n**Valuation Assessment:**\n\n*   **Trailing P/E:** 99.61 (High)\n*   **Forward P/E:** 54.71 (High)\n*   **Price-to-Sales (P/S):** 13.86 (Very high)\n*   **Price-to-Book (P/B):** 65.51 (Extremely High)\n*   **Enterprise to EBITDA:** 41.16 (High)\n\nCompared to typical insurance brokers, GSHD's valuation multiples are significantly elevated, suggesting the market has priced in substantial future growth.\n\n**Growth Potential:**\n\n*   **Revenue Growth (YoY):** 49.5%\n*   **Earnings Growth (YoY):** 291.8%\n*   **Earnings Quarterly Growth:** 310.2%\n*   **Analysts' Target Mean Price:** \\$118.50\n\nThe company exhibits high growth, justifying a premium valuation to some extent. However, the current multiples appear excessive.\n\n**Key Risks:**\n\n*   **High Valuation:** As mentioned above, GSHD's valuation is stretched, leaving limited room for error.\n*   **Debt Burden:** The high debt-to-equity ratio increases financial risk and vulnerability to interest rate changes.\n*   **Competition:** The insurance brokerage industry is competitive, and GSHD needs to maintain its competitive edge.\n*   **Shares Short:** Approximately 10% of shares are sold short. This could indicate that a notable portion of investors are betting against the stock and forecasting a near term decline.\n\n**Technical Factors:**\n\n*   **Current Price:** \\$116.54. Near 52 week high.\n*   **50-day Moving Average:** \\$111.89\n*   **200-day Moving Average:** \\$95.60\n*   **Beta:** 1.489 (More volatile than the market)\n\nThe stock is trading above both its 50-day and 200-day moving averages, indicating an uptrend. The relatively high beta suggests greater volatility.\n\n**Recommendation:**\n\nBased on the analysis, the recommendation for Goosehead Insurance (GSHD) is **Hold** with a confidence level of 65%.\n\nWhile the company shows strong growth and operates in a sector with potential, the excessive valuation and high debt burden create substantial downside risk. Investors should monitor the company's ability to sustain its growth trajectory and improve its balance sheet.""], ['Tell me about microsoft', 'Okay, here\'s a concise analysis and recommendation for Microsoft (MSFT) based on the provided data:\n\n**Summary Overview**\n\nMicrosoft (MSFT) is a dominant player in the software and cloud computing industry. It exhibits strong financial health, robust growth potential driven by cloud services and AI, and a leading market position. While valuation is elevated, its solid fundamentals and growth prospects justify a positive outlook.\n\n**Financial Strength Metrics**\n\n*   **Revenue:** $261.8 billion, with 12.3% growth.\n*   **Net Income:** $92.7 billion, with a healthy 10.2% growth.\n*   **Operating Cash Flow:** $125.6 billion, indicating strong cash generation.\n*   **Total Cash:** $71.6 billion, providing a solid financial cushion.\n*   **Total Debt:** $102.9 billion, manageable given its cash flow.\n*   **Profit Margin:** 35.43% signifies efficient operations.\n*   **Quick Ratio:** 1.204 and **Current Ratio:** 1.351 show good liquidity.\n\n**Valuation Assessment**\n\n*   **Trailing P/E:** 31.55 - Higher than industry average, suggesting premium valuation.\n*   **Forward P/E:** 26.17 - Suggests earnings growth is expected to offset the high P/E.\n*   **P/S Ratio:** 11.11 - High, reflecting market confidence.\n*   **P/B Ratio:** 9.61 - High, implying investors are paying a premium for assets.\n*   Overall, the valuation is high but potentially justified by growth prospects and market dominance.\n\n**Growth Potential**\n\n*   **Industry:** Software - Infrastructure. High-growth sector.\n*   **Revenue Growth:** 12.3% - Demonstrates good top-line expansion.\n*   **Earnings Growth:** 10.2% - Healthy bottom-line growth.\n*   **Key Growth Drivers:** Cloud services (Azure), AI (Microsoft 365 Copilot), and gaming (Xbox Game Pass).\n\n**Key Risks**\n\n*   **High Valuation:** Susceptible to market corrections if growth slows.\n*   **Competition:** Intense competition in cloud computing from Amazon (AWS) and Google (GCP).\n*   **Economic Slowdown:** Potential impact on IT spending.\n*   **Regulatory Risks:** Increased scrutiny on big tech companies.\n\n**Recommendation:** **BUY**\n\n*   **Confidence Level:** 75%\n*   **Justification:** Microsoft\'s strong financial performance, leadership position in growing markets, and continued innovation outweigh valuation concerns and other risks. The company\'s transition to cloud-based services and its investments in AI position it for continued growth. Despite high valuation, the potential upside justifies a ""Buy"" recommendation.']]"
CSV Writer Object,"[['Prompt', 'Response'], ['tell me about google', ""Here's an analysis of Goosehead Insurance, Inc. (GSHD) based on the provided data:\n\n**Summary Overview:**\n\nGoosehead Insurance (GSHD) operates as an insurance broker, primarily focusing on personal lines.  The company distributes its products through corporate and franchise locations.  While revenue growth is strong, profitability metrics are somewhat concerning and the valuation appears stretched. Technical indicators are mixed and a Hold recommendation is warranted.\n\n**Financial Strength Metrics:**\n\n*   **Revenue:** $313.57 million, showing substantial growth (49.5% year-over-year)\n*   **Gross Profit:** $140.63 million\n*   **Net Income:** $30.43 million, indicating profitability, but moderate compared to revenue.\n*   **Operating Cash Flow:** $71.54 million. Free cash flow is $45.56 million.\n*   **Total Debt:** $153.38 million.  Debt-to-Equity ratio is very high at 392.53.\n*   **Current Ratio:** 2.34, indicating good short-term liquidity.\n*   **Quick Ratio:** 2.08, reinforcing strong liquid assets.\n\n**Valuation Assessment:**\n\n*   **Trailing P/E:** 99.61 - Significantly higher than industry averages, suggesting overvaluation.\n*   **Forward P/E:** 54.71 - Still high, indicating expected future earnings growth is already priced in.\n*   **Price-to-Sales (P/S):** 13.86 - Very high, further supporting overvaluation concerns.\n*   **Price-to-Book (P/B):** 65.51 - Extremely high, raising concerns about asset backing.\n*   **Enterprise Value to Revenue:** 9.39 – Elevated, implying the company is richly valued relative to its sales.\n*   **Enterprise Value to EBITDA:** 41.17 – High, indicating a premium valuation compared to earnings before interest, taxes, depreciation, and amortization.\n\n**Growth Potential:**\n\n*   **Revenue Growth:** A very strong 49.5% indicates a significant growth trajectory.\n*   **Earnings Growth:** 291.8%, indicating improving profitability.\n*   **Earnings Quarterly Growth:** 310.2% y/y, indicating strong growth in earnings compared to the previous year\n*   **Analyst Targets:**  The average target price ($118.5) is slightly above the current price, indicating limited upside potential.\n\n**Key Risks:**\n\n*   **High Valuation:** The elevated P/E, P/S, and P/B ratios make the stock vulnerable to correction if growth slows or market sentiment changes.\n*   **Debt Levels:** High debt-to-equity ratio can strain finances if interest rates rise or business conditions weaken.\n*   **Competition:** The insurance brokerage industry is competitive.  Goosehead needs to maintain its competitive advantage.\n*   **Shares Short:** Shares short represent almost 10% of shares outstanding, indicating some market skepticism.\n\n**Recommendation:**\n\n**Hold**\n\n**Confidence Level:** 65%\n\n**Rationale:**\n\nGoosehead exhibits impressive revenue growth, but its high valuation and elevated debt levels are concerning. While the forward P/E suggests future earnings improvements, they are largely priced in. The significant revenue growth is a positive catalyst, but the valuation needs to moderate before a more bullish stance can be justified.""]]"
CSV Writer Object,"[['Prompt', 'Response']]"
CSV Writer Object,"[['Prompt', 'Response'], ['tell me about google', '## Alphabet Inc. (GOOG) Stock Analysis\n\n**Summary Overview:**\n\nAlphabet (GOOG) is a dominant player in the internet content and information industry, boasting a robust ecosystem encompassing search, advertising, cloud services, and more. The company demonstrates strong financial health, and is reasonably valued. While facing regulatory scrutiny and competition, its growth potential and market leadership warrant a positive outlook.\n\n**Financial Strength Metrics:**\n\n*   **Revenue:** \\$350.02B - Strong and growing.\n*   **Gross Profit:** \\$203.71B - High profit margins.\n*   **Operating Cash Flow:** \\$125.30B - Solid cash generation.\n*   **Free Cash Flow:** \\$56.58B - Healthy free cash flow.\n*   **Total Debt:** \\$28.14B - Manageable debt levels.\n*   **Quick Ratio:** 1.661 - Good short term liquidity.\n*   **Current Ratio:** 1.837 - Good short term liquidity.\n*   **Debt to Equity:** 8.66% - Low debt to equity ratio suggests low risk.\n\n**Valuation Assessment:**\n\n*   **Trailing P/E:** 20.65 - Around average compared to the industry.\n*   **Forward P/E:** 18.58 - Suggests expected earnings growth.\n*   **P/S Ratio:** 5.75 - Reasonable compared to peers.\n*   **P/B Ratio:** 6.24 - Fairly valued compared to book value.\n\n**Growth Potential:**\n\n*   **Revenue Growth (YoY):** 11.8% - Solid growth rate.\n*   **Earnings Growth (YoY):** 30.9% - Strong earnings momentum.\n*   **Earnings Quarterly Growth (YoY):** 28.3% - Healthy growth.\n*   **Forward EPS:** \\$8.95 - Expected earnings to grow.\n*   Cloud Computing: Significant growth opportunity in cloud computing market.\n*   AI Development: Strong investment in AI could lead to future innovations.\n\n**Key Risks:**\n\n*   **Regulatory Scrutiny:** Antitrust concerns and data privacy regulations pose ongoing risks.\n*   **Competition:** Intense competition in search, advertising, and cloud markets.\n*   **Economic Slowdown:** Reduced advertising spending during economic downturns.\n*   **Other Bets:** Uncertainty and losses in ""Other Bets"" segment.\n*   **Market Volatility:** Beta of 1.025, indicates similar volatility to the market.\n*   **Shares Short:** Low shares short indicates positive sentiment.\n\n**Recommendation:**\n\n**Buy** - With a strong confidence level. Alphabet exhibits robust financial health, a reasonable valuation, and significant growth potential in key areas like cloud computing and AI. While regulatory risks and competition exist, the company\'s market leadership and innovative capabilities position it for continued success.'], ['tell me aout nvidia', ""## NVIDIA (NVDA) Stock Analysis\n\n**Summary Overview:**\n\nNVIDIA is a leading technology company specializing in graphics processing units (GPUs) and related technologies. The company is currently trading at $117.70 and has experienced massive revenue and earnings growth with significant market share and product developments. This growth is driven by key markets like gaming, data centers, and automotive AI, but it also carries significant risks due to intense competition and market volatility.\n\n**Financial Strength Metrics:**\n\n*   **Revenue:** $130.50B, indicating substantial market demand.\n*   **Gross Profit Margin:** 75.0%, demonstrates strong pricing power and cost management.\n*   **Operating Margin:** 61.1%, reflecting efficient operations.\n*   **Net Income:** $72.88B, showcases excellent profitability.\n*   **Free Cash Flow:** $44.17B, providing ample financial flexibility.\n*   **Total Cash:** $43.21B, solid liquidity position.\n*   **Total Debt/Equity:** 12.95%, conservatively financed.\n\n**Valuation Assessment:**\n\n*   **Trailing P/E:** 40.03, high, indicating investor expectations of future growth.\n*   **Forward P/E:** 28.57, suggests earnings are expected to increase substantially.\n*   **Price-to-Sales:** 22.01, elevated, but not unsusual for a high-growth tech company.\n*   **Price-to-Book:** 36.32, high, reflecting intangible assets and growth prospects.\n*   **PEG Ratio:** 1.13, reasonably valued for its growth.\n\n**Growth Potential:**\n\n*   **Revenue Growth (YoY):** 77.9%, exceptional growth rate.\n*   **Earnings Growth (YoY):** 83.6%, outstanding performance.\n*   NVIDIA dominates the GPU market and is expanding into AI, data centers, and autonomous vehicles, presenting significant future growth avenues.\n\n**Key Risks:**\n\n*   **High Valuation:** The stock is richly valued, making it susceptible to corrections if growth slows.\n*   **Competition:** Intense competition from AMD, Intel, and other players could erode market share.\n*   **Market Volatility:** Technology stocks, especially those with high growth, can experience significant price swings.\n*   **Geopolitical Risks:** Operations in China and Taiwan introduce geopolitical risks.\n*   **Beta:** 1.77 Beta, indicating high volatility as compared to the market.\n\n**Recommendation:**\n\n**Buy** with a **75% confidence level**.\n\nWhile the valuation is high, NVIDIA's strong financial performance, dominant market position, and significant growth potential in key technology sectors warrant a buy recommendation. However, investors should be aware of the inherent risks and potential volatility.\n\n**Disclaimer:** This is not financial advice. Please conduct your own due diligence before making any investment decisions.""]]"
CSV Writer Object,"[['Prompt', 'Response'], ['tell me about google', ""## Alphabet Inc. (GOOG) Stock Analysis\n\n**Summary Overview:**\n\nAlphabet Inc. (GOOG) is a dominant player in the internet content and information industry. The company shows strong financial health, solid growth potential, and a leading market position driven by its Google Services segment. While valuation metrics appear slightly elevated compared to peers, the company's consistent performance and growth prospects support a positive outlook. We believe GOOG is attractively positioned for continued growth in the digital advertising and cloud computing markets.\n\n**Financial Strength Metrics:**\n\n*   **Revenue:** \\$350.02B (Strong and Growing, +11.8% YoY)\n*   **Profit Margins:** 28.6% (Excellent)\n*   **Operating Cash Flow:** \\$125.30B (Robust)\n*   **Free Cash Flow:** \\$56.58B (Solid)\n*   **Total Debt/Equity:** 8.66% (Low, indicating strong balance sheet)\n*   **Cash & Equivalents:** \\$95.66B (Very High, provides financial flexibility)\n\nAlphabet's financial health is exceptional, with robust revenue growth, strong profit margins, massive cash generation, and low debt. This provides a solid foundation for future investments and shareholder returns.\n\n**Valuation Assessment:**\n\n*   **Trailing P/E:** 20.65\n*   **Forward P/E:** 18.58\n*   **Price-to-Sales:** 5.75\n*   **Price-to-Book:** 6.24\n\nGOOG's P/E ratios are slightly above industry averages, implying that the stock is trading at a premium, reflecting high growth expectations. The P/S ratio is also moderately high, but justifiable given the company's brand strength and market leadership.\n\n**Growth Potential:**\n\n*   **Earnings Growth:** 30.9% (High)\n*   **Revenue Growth:** 11.8% (Solid)\n*   **Earnings Quarterly Growth:** 28.3%\n*   **Growth Drivers:** Cloud computing (Google Cloud), AI advancements, YouTube monetization, and sustained dominance in online advertising.\n\nAlphabet demonstrates significant growth potential across various business segments, particularly in cloud computing and artificial intelligence, making it an attractive investment for long-term growth.\n\n**Key Risks:**\n\n*   **Regulatory Scrutiny:** Antitrust concerns and data privacy regulations pose potential risks to the company's operations.\n*   **Competition:** Increasing competition in the cloud computing and AI spaces from companies like Amazon, Microsoft, and others.\n*   **Economic Slowdown:** Reduced advertising spending during economic downturns could negatively impact revenue.\n*   **Volatility:** Beta of 1.025 indicates stock is prone to similar volatility as the market.\n\n**Recommendation:**\n\n**Buy** with a confidence level of 80%.\n\nWhile valuation is slightly rich, Alphabet's superior financial health, dominant market position, and significant growth potential make it a compelling investment. Regulatory risks and competition are factors to monitor, but the company's strengths outweigh these concerns.""], ['why is wood brown', 'The brown color of wood comes from a few different factors, primarily the presence of lignin and tannins, and also the effects of oxidation:\n\n*   **Lignin:** This is a complex polymer that is a major component of wood, providing rigidity and strength to the cell walls of plants. Lignin is naturally brown.\n*   **Tannins:** Some types of wood contain tannins, which are also brownish in color.\n*   **Oxidation:** When wood is exposed to air and sunlight, it can oxidize, further darkening its color.'], ['should i buy apple stock', 'Single company name[stock]: Apple']]"
CSV Writer Object,"[['Prompt', 'Response'], ['tell me about google', ""Here's an investment analysis for Alphabet Inc. (GOOG), based on the provided data:\n\n**Summary Overview:**\n\nAlphabet (GOOG) is a dominant player in the Internet Content & Information sector, with a diverse portfolio including Google Services, Google Cloud, and Other Bets. The company displays robust financial health, a solid market position, and considerable growth potential, tempered by inherent risks in the tech industry.\n\n**Financial Strength Metrics:**\n\n*   **Revenue:** $350.02 Billion - A large revenue base, indicating market dominance.\n*   **Revenue Growth:** 11.8% - Signifies continued expansion.\n*   **Net Income:** $100.12 Billion - High profitability.\n*   **Operating Cash Flow:** $125.3 Billion - Strong cash generation capabilities.\n*   **Free Cash Flow:** $56.58 Billion - Demonstrates available capital for reinvestment or shareholder returns.\n*   **Total Cash:** $95.66 Billion - Substantial liquidity.\n*   **Total Debt:** $28.14 Billion - Manageable debt levels.\n*   **Current Ratio:** 1.84 - Demonstrates strong liquidity and ability to cover short-term obligations.\n*   **Debt to Equity:** 8.66% - Conservative leverage.\n*   **Return on Equity:** 32.91% - High profitability relative to shareholder equity.\n\n**Valuation Assessment:**\n\n*   **Trailing P/E:** 20.65 - Appears reasonable compared to the high growth nature of the company and industry averages.\n*   **Forward P/E:** 18.58 - Suggests anticipated earnings growth.\n*   **Price to Sales (P/S):** 5.75 - In line with other major tech companies.\n*   **Price to Book (P/B):** 6.24 - Indicates market's confidence in the intrinsic value and growth prospects.\n    *Compared to industry averages in the internet content and information sector, these metrics are within a reasonable range, reflecting the company's market leadership and growth potential.*\n\n**Growth Potential:**\n\n*   **Earnings Growth:** 30.9% - High earnings growth, a very positive sign.\n*   **Earnings Quarterly Growth:** 28.3%\n*   **Analysts' Target Mean Price:** $219.18 - Indicates potential upside from the current price of $166.25.\n*   **Growth Drivers:** Continued expansion in cloud services, AI, and digital advertising.\n\n**Key Risks:**\n\n*   **Competition:** Intense competition from other tech giants.\n*   **Regulatory Scrutiny:** Potential antitrust and privacy concerns.\n*   **Market Volatility:** Tech stocks are generally subject to market fluctuations.\n*   **Dependence on Advertising Revenue:** Changes in ad spending could impact revenue.\n\n**Technical Factors:**\n\n*   The stock is currently trading below its 50-day and 200-day moving averages, suggesting potential for short-term upside if it can break through these levels.\n*   The 52-week high is $208.70, leaving room for price appreciation.\n*   The Beta of 1.025 indicates volatility similar to the market.\n\n**Recommendation:**\n\n**Buy** with a confidence level of **85%**.\n\n**Rationale:** Alphabet demonstrates strong financial health, significant growth potential, and a dominant market position. While risks exist, the company's innovation, diverse revenue streams, and substantial cash reserves position it well for long-term success. The current price offers a favorable entry point, considering the analysts' price targets and the company's growth prospects.""], ['why is the sky blue', ""The sky is blue due to a phenomenon called Rayleigh scattering. Shorter wavelengths of light, like blue and violet, are scattered more efficiently by the molecules in the Earth's atmosphere than longer wavelengths, like red and orange. We see the sky as blue because blue light is scattered more, making it appear to come from all directions.""], ['should i buy apple stock', 'I am an AI and cannot provide financial advice.'], ['tell me about apple', '## Apple Inc. (AAPL) Stock Analysis\n\n**Summary Overview:**\n\nApple (AAPL) is a dominant player in the consumer electronics industry with a strong brand, innovative products, and a loyal customer base. The company exhibits solid financial health, with robust revenue, profits, and cash flow generation.  However, valuation metrics suggest the stock might be trading at a premium. While growth potential exists in new markets and services, increasing competition and macroeconomic uncertainties pose risks.\n\n**Financial Strength Metrics:**\n\n*   **Revenue:** $395.76 billion (growing at 4%)\n*   **Net Income:** $96.15 billion\n*   **Operating Cash Flow:** $108.29 billion\n*   **Free Cash Flow:** $93.83 billion\n*   **Total Cash:** $53.77 billion\n*   **Total Debt:** $96.80 billion\n*   **Quick Ratio:** 0.783\n*   **Current Ratio:** 0.923\n*   **Debt to Equity:** 145%\n\nApple demonstrates excellent profitability and cash flow generation. The debt level is manageable given its strong cash position, but the current and quick ratios raise concern.\n\n**Valuation Assessment:**\n\n*   **Trailing P/E:** 34.59\n*   **Forward P/E:** 26.27\n*   **Price to Sales:** 8.29\n*   **Price to Book:** 49.18\n\nAAPL\'s P/E and P/S ratios are higher than the consumer electronics industry average, indicating a premium valuation. This premium is supported by its brand strength and market dominance but needs to be justified by future growth.\n\n**Growth Potential:**\n\n*   **Earnings Growth:** 10.1%\n*   **Revenue Growth:** 4%\n*   **Earnings Quarterly Growth:** 7.1%\n\nApple is expanding its services (Apple TV+, Apple Music, etc.), which offer recurring revenue streams and higher margins. Growth opportunities also exist in emerging markets and new product categories (e.g., AR/VR). However, growth is slowing compared to historical rates.\n\n**Key Risks:**\n\n*   **High Valuation:** The current valuation leaves less room for error and could lead to corrections if growth slows.\n*   **Competition:** The consumer electronics market is highly competitive, with rivals like Samsung, Google, and Huawei constantly innovating.\n*   **Macroeconomic Factors:** Economic downturns can impact consumer spending on discretionary items like Apple products.\n*   **Supply Chain Disruptions:** Apple relies on a complex global supply chain, which is vulnerable to disruptions from geopolitical events or natural disasters.\n*   **Regulatory Scrutiny:** Apple faces increasing scrutiny from regulators regarding its App Store policies and potential anti-competitive practices.\n*   **Customer Concentration:** Although declining, Apple is still reliant on iPhone sales.\n\n**Recommendation:**\n\n**Hold** -  (Confidence Level: 6/10)\n\nApple is a fundamentally strong company with a powerful brand and a history of innovation. However, the current valuation appears stretched, and growth is slowing. While there are positive catalysts, potential risks warrant caution. Therefore, I recommend holding existing positions and waiting for a better entry point before adding to your investment. A ""Buy"" recommendation would be considered if the stock price retraces significantly or if there is a clear acceleration in growth from new product categories or services.'], ['compare the previous companies', ""Okay, I'm ready to analyze and compare the companies based on the provided query and context. I will focus on identifying the user's desired comparisons and then providing a structured analysis based on the five key criteria: Financial Health, Valuation, Market Position, Technical Factors, and Risk Assessment.  My analysis will include a summary overview, detailed comparisons for each criterion, and a final recommendation for each company with a confidence level.\n\nLet's begin. Please provide the user query and context.""], ['compare the previous companies', ""Okay, I'm ready to analyze and compare the companies based on the provided query and context. I will focus on identifying the user's desired comparisons and then providing a structured analysis based on the five key criteria: Financial Health, Valuation, Market Position, Technical Factors, and Risk Assessment.  My analysis will include a summary overview, detailed comparisons for each criterion, and a final recommendation for each company with a confidence level.\n\nLet's begin. Please provide the user query and context.""]]"
CSV Writer Object,"[['Prompt', 'Response'], ['tell me about google', ""## Alphabet Inc. (GOOG) Stock Analysis\n\n**Summary Overview:** Alphabet (GOOG) is a dominant player in the Internet Content & Information industry, boasting a diverse portfolio of products and services, including Google Search, YouTube, and Google Cloud. The company exhibits strong financial health and solid growth potential. While some valuation metrics suggest it's trading near fair value, its market leadership and growth prospects warrant a positive outlook.\n\n**Financial Strength Metrics:**\n\n*   **Revenue:** $350.02B (Growing at 11.8% YoY) - Excellent revenue generation with solid growth.\n*   **Profit Margins:** 28.6% - High profitability showcasing efficient operations.\n*   **Operating Cash Flow:** $125.3B - Robust cash flow indicates strong liquidity and financial flexibility.\n*   **Free Cash Flow:** $56.58B - Substantial free cash flow supports investments and shareholder returns.\n*   **Total Debt/Equity:** 8.66% - Very manageable debt levels.\n*   **Cash on Hand:** $95.66B - Large cash reserves provide a buffer and opportunities for strategic acquisitions or investments.\n\n**Valuation Assessment:**\n\n*   **P/E Ratio (Trailing):** 20.65x - Slightly above industry average, but justifiable given growth rate.\n*   **P/E Ratio (Forward):** 18.58x - Suggests potential for earnings growth, making it attractive.\n*   **P/S Ratio:** 5.75x - Fairly valued compared to peers, considering market dominance.\n*   **P/B Ratio:** 6.24x - Relatively high, indicating premium valuation based on book value.\n\n**Growth Potential:**\n\n*   **Revenue Growth (YoY):** 11.8% - Strong growth trajectory.\n*   **Earnings Growth (YoY):** 30.9% - Excellent earnings growth demonstrating efficient scaling.\n*   **Earnings Quarterly Growth (YoY):** 28.3% - Strong earnings growth demonstrating efficient scaling.\n*   **Growth Drivers:** Google Cloud, YouTube subscriptions, AI development, and potential new ventures.\n\n**Key Risks:**\n\n*   **Regulatory Scrutiny:** Antitrust concerns and data privacy regulations pose ongoing risks.\n*   **Competition:** Intense competition from other tech giants (e.g., Microsoft, Amazon) requires continuous innovation.\n*   **Economic Slowdown:** Reduced advertising spending during economic downturns could impact revenue.\n*   **AI Development:** Rapid advances in AI may pose a threat.\n\n**Technical Factors:**\n\n*   The stock is currently trading at $166.25, below its 50-day ($184.46) and 200-day ($176.80) moving averages, indicating recent price weakness.\n*   **52-week Range:** $148.20 - $208.70, stock has a good range to grow.\n\n**Recommendation:** **Buy**\n\n**Confidence Level:** 7/10\n\n**Rationale:** Alphabet's strong financial health, dominant market position, and growth potential in cloud computing and AI outweigh the identified risks. While valuation is near fair value, future earnings growth should drive stock appreciation. The recent dip below its moving averages presents a potentially attractive entry point for long-term investors.""], ['tell me about apple', 'Here\'s an analysis of Apple Inc. (AAPL) based on the provided data:\n\n**Summary Overview:**\n\nApple is a dominant player in the consumer electronics and technology services space. It boasts a strong brand, loyal customer base, and robust ecosystem. While the valuation is high, Apple\'s financial health remains solid, and the potential for growth through new products and services exists. However, increasing competition and macroeconomic factors pose risks.\n\n**Financial Strength Metrics:**\n\n*   **Revenue:** \\$395.76 Billion (Growing at 4%)\n*   **Net Income:** \\$96.15 Billion\n*   **Operating Cash Flow:** \\$108.29 Billion\n*   **Free Cash Flow:** \\$93.83 Billion\n*   **Total Cash:** \\$53.77 Billion\n*   **Total Debt:** \\$96.80 Billion\n*   **Current Ratio:** 0.923\n*   **Debt-to-Equity Ratio:** 145% (Reasonable, given Apple\'s cash generation)\n\nApple\'s financial health is strong, demonstrating excellent profitability and cash generation. Although they have a significant amount of debt, they have more than enough cash to cover it.\n\n**Valuation Assessment:**\n\n*   **Trailing P/E:** 34.59\n*   **Forward P/E:** 26.27\n*   **Price-to-Sales (P/S):** 8.29\n*   **Price-to-Book (P/B):** 49.18\n\nApple\'s valuation metrics are high compared to the broader market and some of its peers. The forward P/E suggests some growth is priced in, but the overall valuation demands continued strong performance.\n\n**Growth Potential:**\n\n*   **Earnings Growth:** 10.1%\n*   **Revenue Growth:** 4.0%\n*   **Earnings Quarterly Growth:** 7.1%\n*   Expansion into new product categories (e.g., AR/VR)\n*   Growth in services (Apple TV+, Apple Music, etc.)\n*   Geographic expansion, particularly in emerging markets\n\nApple has solid growth potential through expanding their current service offerings and introducing new tech to consumers.\n\n**Key Risks:**\n\n*   **High Valuation:** Could lead to significant price corrections if growth slows.\n*   **Competition:** Intense competition in the smartphone and consumer electronics markets.\n*   **Supply Chain Disruptions:** Potential disruptions could affect production and sales.\n*   **Regulatory Scrutiny:** Increased scrutiny from antitrust regulators.\n*   **Reliance on iPhone:** Still heavily dependent on iPhone sales.\n*   **Market Volatility:** Beta of 1.178 suggests higher volatility than the overall market.\n\n**Recommendation:**\n\n**Hold** with a 60% confidence level.\n\n**Rationale:**\n\nWhile Apple possesses strong financials, brand value, and growth prospects, the current valuation is rich. The high valuation increases the risk of a correction should the company stumble or the market decline. Therefore, I recommend holding current positions but would not recommend aggressive buying at these levels. Monitor performance and market conditions closely. If valuation metrics become more attractive due to price declines or accelerated growth, a ""Buy"" recommendation may become appropriate.'], ['compare the previous two companies', 'The user is asking to compare Alphabet Inc. (GOOG) and Apple Inc. (AAPL).\n\n## Alphabet (GOOG) vs. Apple (AAPL) Comparison\n\n**Summary Overview:**\n\nBoth Alphabet and Apple are tech giants, but they have different strengths and weaknesses. Alphabet excels in search, advertising, and cloud computing, while Apple dominates the consumer electronics and services market. Alphabet has stronger growth potential but faces more regulatory risks. Apple has a more premium valuation and a stronger brand loyalty but depends on the iPhone.\n\n**Financial Strength Metrics Comparison:**\n\n| Metric               | Alphabet (GOOG) | Apple (AAPL)  | Comparison                                                           |\n| --------------------- | --------------- | ------------- | -------------------------------------------------------------------- |\n| Revenue              | \\$350.02B       | \\$395.76B     | Apple has higher revenue.                                            |\n| Net Income           | Not Provided    | \\$96.15B      | Apple clearly shows excellent profitability.                           |\n| Operating Cash Flow  | \\$125.3B        | \\$108.29B     | Alphabet has slightly higher operating cash flow.                   |\n| Free Cash Flow       | \\$56.58B        | \\$93.83B      | Apple has higher free cash flow.                                     |\n| Total Debt/Equity    | 8.66%           | 145%          | Alphabet has significantly lower debt.                                |\n| Cash on Hand         | \\$95.66B        | \\$53.77B      | Alphabet holds more cash.                                          |\n\n**Overall:** Both companies are financially strong, but Alphabet has lower debt and more cash, while Apple demonstrates excellent profitability.\n\n**Valuation Assessment Comparison:**\n\n| Metric           | Alphabet (GOOG) | Apple (AAPL) | Comparison                                                      |\n| ----------------- | --------------- | ------------ | --------------------------------------------------------------- |\n| Trailing P/E      | 20.65x          | 34.59x       | Alphabet has a lower P/E ratio.                               |\n| Forward P/E       | 18.58x          | 26.27x       | Alphabet has a lower forward P/E ratio, indicating better value. |\n| P/S Ratio         | 5.75x           | 8.29x        | Alphabet has a lower P/S ratio.                               |\n| P/B Ratio         | 6.24x           | 49.18x       | Alphabet has a significantly lower P/B ratio.                  |\n\n**Overall:** Alphabet is more attractively valued based on all these metrics. Apple has a significant premium valuation.\n\n**Growth Potential Comparison:**\n\n| Metric                    | Alphabet (GOOG) | Apple (AAPL) | Comparison                                                       |\n| -------------------------- | --------------- | ------------ | ---------------------------------------------------------------- |\n| Revenue Growth (YoY)      | 11.8%           | 4.0%         | Alphabet has higher revenue growth.                              |\n| Earnings Growth (YoY)     | 30.9%           | 10.1%        | Alphabet has significantly higher earnings growth.                 |\n| Earnings Quarterly Growth | 28.3%           | 7.1%         | Alphabet has significantly higher quarterly earnings growth.         |\n| Growth Drivers           | Cloud, AI       | New Products | Both have solid growth drivers, but Alphabet\'s AI is more hyped |\n\n**Overall:** Alphabet shows stronger growth metrics and is potentially better positioned for future growth due to its AI initiatives.\n\n**Key Risks Comparison:**\n\n| Risk                    | Alphabet (GOOG)                       | Apple (AAPL)                             | Comparison                                                                        |\n| ----------------------- | ------------------------------------- | ---------------------------------------- | --------------------------------------------------------------------------------- |\n| Regulatory Scrutiny    | Antitrust, Data Privacy               | Antitrust                                 | Both face regulatory risks, but Alphabet\'s is more focused on data privacy.       |\n| Competition             | Microsoft, Amazon                      | Smartphone Market                         | Both face intense competition in their respective markets.                         |\n| Economic Slowdown        | Ad Spending                           | Consumer Spending                         | Both are vulnerable to economic downturns.                                        |\n| Specific Risks          | AI Development                        | Reliance on iPhone                        | Apple\'s reliance on iPhone sales makes it vulnerable to product cycle shifts.      |\n| Market Volatility       | Not Provided                          | Beta of 1.178                            | Apple exhibits higher market volatility than the overall market based on the beta. |\n\n**Overall:** Alphabet faces greater regulatory and AI risks, while Apple faces high valuation risks and reliance on a single product.\n\n**Recommendation Comparison:**\n\n*   **Alphabet (GOOG):** Buy (Confidence Level: 7/10)\n*   **Apple (AAPL):** Hold (Confidence Level: 6/10)\n\n**Rationale:**\n\nAlphabet presents a better investment opportunity due to its stronger growth potential, more attractive valuation, and solid financial health. Although regulatory and competition risks exist, Alphabet is better positioned for long-term growth.\n\nApple is a solid company with a strong brand, but its high valuation limits its upside potential and increases the risk of price correction. A ""Hold"" recommendation is appropriate until valuation metrics become more attractive.'], ['compare the previous two companies', 'The user is asking to compare Alphabet Inc. (GOOG) and Apple Inc. (AAPL).\n\n## Alphabet (GOOG) vs. Apple (AAPL) Comparison\n\n**Summary Overview:**\n\nBoth Alphabet and Apple are tech giants, but they have different strengths and weaknesses. Alphabet excels in search, advertising, and cloud computing, while Apple dominates the consumer electronics and services market. Alphabet has stronger growth potential but faces more regulatory risks. Apple has a more premium valuation and a stronger brand loyalty but depends on the iPhone.\n\n**Financial Strength Metrics Comparison:**\n\n| Metric               | Alphabet (GOOG) | Apple (AAPL)  | Comparison                                                           |\n| --------------------- | --------------- | ------------- | -------------------------------------------------------------------- |\n| Revenue              | \\$350.02B       | \\$395.76B     | Apple has higher revenue.                                            |\n| Net Income           | Not Provided    | \\$96.15B      | Apple clearly shows excellent profitability.                           |\n| Operating Cash Flow  | \\$125.3B        | \\$108.29B     | Alphabet has slightly higher operating cash flow.                   |\n| Free Cash Flow       | \\$56.58B        | \\$93.83B      | Apple has higher free cash flow.                                     |\n| Total Debt/Equity    | 8.66%           | 145%          | Alphabet has significantly lower debt.                                |\n| Cash on Hand         | \\$95.66B        | \\$53.77B      | Alphabet holds more cash.                                          |\n\n**Overall:** Both companies are financially strong, but Alphabet has lower debt and more cash, while Apple demonstrates excellent profitability.\n\n**Valuation Assessment Comparison:**\n\n| Metric           | Alphabet (GOOG) | Apple (AAPL) | Comparison                                                      |\n| ----------------- | --------------- | ------------ | --------------------------------------------------------------- |\n| Trailing P/E      | 20.65x          | 34.59x       | Alphabet has a lower P/E ratio.                               |\n| Forward P/E       | 18.58x          | 26.27x       | Alphabet has a lower forward P/E ratio, indicating better value. |\n| P/S Ratio         | 5.75x           | 8.29x        | Alphabet has a lower P/S ratio.                               |\n| P/B Ratio         | 6.24x           | 49.18x       | Alphabet has a significantly lower P/B ratio.                  |\n\n**Overall:** Alphabet is more attractively valued based on all these metrics. Apple has a significant premium valuation.\n\n**Growth Potential Comparison:**\n\n| Metric                    | Alphabet (GOOG) | Apple (AAPL) | Comparison                                                       |\n| -------------------------- | --------------- | ------------ | ---------------------------------------------------------------- |\n| Revenue Growth (YoY)      | 11.8%           | 4.0%         | Alphabet has higher revenue growth.                              |\n| Earnings Growth (YoY)     | 30.9%           | 10.1%        | Alphabet has significantly higher earnings growth.                 |\n| Earnings Quarterly Growth | 28.3%           | 7.1%         | Alphabet has significantly higher quarterly earnings growth.         |\n| Growth Drivers           | Cloud, AI       | New Products | Both have solid growth drivers, but Alphabet\'s AI is more hyped |\n\n**Overall:** Alphabet shows stronger growth metrics and is potentially better positioned for future growth due to its AI initiatives.\n\n**Key Risks Comparison:**\n\n| Risk                    | Alphabet (GOOG)                       | Apple (AAPL)                             | Comparison                                                                        |\n| ----------------------- | ------------------------------------- | ---------------------------------------- | --------------------------------------------------------------------------------- |\n| Regulatory Scrutiny    | Antitrust, Data Privacy               | Antitrust                                 | Both face regulatory risks, but Alphabet\'s is more focused on data privacy.       |\n| Competition             | Microsoft, Amazon                      | Smartphone Market                         | Both face intense competition in their respective markets.                         |\n| Economic Slowdown        | Ad Spending                           | Consumer Spending                         | Both are vulnerable to economic downturns.                                        |\n| Specific Risks          | AI Development                        | Reliance on iPhone                        | Apple\'s reliance on iPhone sales makes it vulnerable to product cycle shifts.      |\n| Market Volatility       | Not Provided                          | Beta of 1.178                            | Apple exhibits higher market volatility than the overall market based on the beta. |\n\n**Overall:** Alphabet faces greater regulatory and AI risks, while Apple faces high valuation risks and reliance on a single product.\n\n**Recommendation Comparison:**\n\n*   **Alphabet (GOOG):** Buy (Confidence Level: 7/10)\n*   **Apple (AAPL):** Hold (Confidence Level: 6/10)\n\n**Rationale:**\n\nAlphabet presents a better investment opportunity due to its stronger growth potential, more attractive valuation, and solid financial health. Although regulatory and competition risks exist, Alphabet is better positioned for long-term growth.\n\nApple is a solid company with a strong brand, but its high valuation limits its upside potential and increases the risk of price correction. A ""Hold"" recommendation is appropriate until valuation metrics become more attractive.'], ['should I buy google stock', 'I am an AI and cannot provide financial advice.']]"
CSV Writer Object,"[['Prompt', 'Response'], ['should i buys google stock', '## Alphabet Inc. (GOOG) Stock Analysis\n\n**Summary Overview:**\nAlphabet (GOOG) is a dominant player in the internet content and information industry with a vast portfolio of successful products and services. The company exhibits strong financial health and growth potential, driven primarily by its Google Services segment. While valuation is relatively in line with industry peers, and risks remain, the overall outlook is positive.\n\n**Financial Strength Metrics:**\n*   **Revenue:** $350.02 billion - Strong and growing at 11.8% YoY.\n*   **Net Income:** $100.12 billion - Excellent profitability and a strong profit margin of 28.6%.\n*   **Operating Cash Flow:** $125.30 billion - Robust cash generation capability.\n*   **Free Cash Flow:** $56.58 billion - Supports investment and shareholder returns.\n*   **Total Debt:** $28.14 billion - Manageable debt levels compared to cash reserves.\n*   **Current Ratio:** 1.84, **Quick Ratio:** 1.66 - High liquidity ratios which show that they should have no problem paying current liabilities.\n\n**Valuation Assessment:**\n*   **Trailing P/E:** 20.65 - Slightly above historical averages, but justified by growth.\n*   **Forward P/E:** 18.58 - Reflects expected earnings growth.\n*   **P/S Ratio:** 5.75 - Relatively in line with industry standards.\n*   **P/B Ratio:** 6.24 - Indicates a premium, but acceptable for a high-growth company.\n\n**Growth Potential:**\n*   **Google Services:** Continued growth in advertising, cloud services, and subscriptions.\n*   **Google Cloud:** Rapidly expanding cloud infrastructure segment.\n*   **AI Investments:** Strong commitment to AI could boost future growth and efficiency.\n*   **Earnings Growth:** Quarterly earnings growth of 28.3%.\n*   **Revenue Growth:** Reported revenue growth of 11.8%.\n*   **Forward EPS:** The company expects growth in earnings per share from $8.05 to $8.95.\n\n**Key Risks:**\n*   **Regulatory Scrutiny:** Antitrust concerns and privacy regulations could impact profitability.\n*   **Competition:** Intense competition in search, cloud, and AI from other tech giants.\n*   **Economic Slowdown:** Advertising revenue is susceptible to macroeconomic conditions.\n*   **Other Bets:** Uncertainty around the profitability of ""Other Bets"" segment.\n*   **Volatility:** Beta of 1.025 indicates volatility in line with the market.\n\n**Recommendation:**\n\n**Buy** with a confidence level of **80%**. Alphabet\'s dominant market position, strong financial health, and growth potential outweigh the identified risks. While valuation isn\'t deeply discounted, the company\'s ability to innovate and adapt makes it a compelling long-term investment. The current price offers an attractive entry point.']]"
CSV Writer Object,"[['Prompt', 'Response'], ['tell me about google', ""Here's a concise investment analysis for Alphabet Inc. (GOOG), based on the data provided.\n\n**Summary Overview**\n\nAlphabet (GOOG) is a dominant player in internet content and information, with a strong foothold in search, advertising, cloud computing, and other ventures. The company exhibits solid financial health, driven by strong revenue growth and profitability. While valuation metrics are slightly above industry averages, Alphabet's robust growth potential and market leadership justify a positive outlook.\n\n**Financial Strength Metrics**\n\n*   **Revenue Growth:** Strong revenue growth of 11.8% indicates healthy demand for Alphabet's products and services.\n*   **Profit Margins:** High profit margins (28.6%) demonstrate efficient operations and pricing power.\n*   **Operating Cash Flow:** Robust operating cash flow ($125.3B) underscores the company's ability to generate cash.\n*   **Total Cash:** Substantial cash reserves ($95.7B) provide financial flexibility for investments, acquisitions, and shareholder returns.\n*   **Debt-to-Equity:** Low debt-to-equity ratio (8.66) signifies a conservative capital structure and low financial risk.\n\n**Valuation Assessment**\n\n*   **P/E Ratio:** Trailing P/E of 20.65 and forward P/E of 18.58, is slightly elevated compared to some industry peers, but justifiable given growth prospects.\n*   **P/S Ratio:** Price-to-sales ratio of 5.75 suggests a premium valuation, reflecting market dominance and brand strength.\n*   **P/B Ratio:** Price-to-book ratio of 6.24 is within a reasonable range for a tech company with substantial intangible assets.\n\n**Growth Potential**\n\n*   **Earnings Growth:** Impressive earnings growth of 30.9% highlights the company's ability to translate revenue into profits.\n*   **Innovation:** Continued investments in AI, cloud computing, and other cutting-edge technologies position Alphabet for future growth.\n\n**Key Risks**\n\n*   **Regulatory Scrutiny:** Alphabet faces ongoing antitrust investigations and regulatory pressures.\n*   **Competition:** Intense competition from other tech giants could impact market share and profitability.\n*   **Economic Slowdown:** A global economic downturn could reduce advertising spending, a key revenue source for Alphabet.\n\n**Recommendation**\n\n**Recommendation: Buy**\n**Confidence Level:** 80%\n\n**Rationale:**\n\nAlphabet's strong financial health, market leadership, and growth potential outweigh the identified risks. While valuation is not cheap, the company's dominant position and future prospects warrant a buy recommendation. The regulatory risk needs to be monitored closely.""]]"
